user009,123464,15836020246,1112,1583,https://my.oschina.net/AnnaWu/blog/1549194
user010,123465,15836020247,1113,1584,https://my.oschina.net/AnnaWu/blog/1549195
user011,123466,15836020248,1114,1585,https://my.oschina.net/AnnaWu/blog/1549196
user012,123467,15836020249,1115,1586,https://my.oschina.net/AnnaWu/blog/1549197
user013,123468,15836020250,1116,1587,https://my.oschina.net/AnnaWu/blog/1549198
user014,123469,15836020251,1117,1588,https://my.oschina.net/AnnaWu/blog/1549199
user015,123470,15836020252,1118,1589,https://my.oschina.net/AnnaWu/blog/1549200
user016,123471,15836020253,1119,1590,https://my.oschina.net/AnnaWu/blog/1549201
user017,123472,15836020254,1120,1591,https://my.oschina.net/AnnaWu/blog/1549202
user018,123473,15836020255,1121,1592,https://my.oschina.net/AnnaWu/blog/1549203
user019,123474,15836020256,1122,1593,https://my.oschina.net/AnnaWu/blog/1549204
user020,123475,15836020257,1123,1594,https://my.oschina.net/AnnaWu/blog/1549205
user021,123476,15836020258,1124,1595,https://my.oschina.net/AnnaWu/blog/1549206
user022,123477,15836020259,1125,1596,https://my.oschina.net/AnnaWu/blog/1549207
user023,123478,15836020260,1126,1597,https://my.oschina.net/AnnaWu/blog/1549208
user024,123479,15836020261,1127,1598,https://my.oschina.net/AnnaWu/blog/1549209
user025,123480,15836020262,1128,1599,https://my.oschina.net/AnnaWu/blog/1549210
user026,123481,15836020263,1129,1600,https://my.oschina.net/AnnaWu/blog/1549211
user027,123482,15836020264,1130,1601,https://my.oschina.net/AnnaWu/blog/1549212
user028,123483,15836020265,1131,1602,https://my.oschina.net/AnnaWu/blog/1549213
user029,123484,15836020266,1132,1603,https://my.oschina.net/AnnaWu/blog/1549214
user030,123485,15836020267,1133,1604,https://my.oschina.net/AnnaWu/blog/1549215
user031,123486,15836020268,1134,1605,https://my.oschina.net/AnnaWu/blog/1549216
